1;Albendazol 400 mg  ;Tab; A. Tablet 
2;Alopurinol 100 mg;Tab; A. Tablet 
3;Alopurinol 300 mg;Tab; A. Tablet 
4;Ambroksol 30 mg;Tab; A. Tablet 
5;Aminofilin 200 mg;Tab; A. Tablet 
6;Amitriptilin 25 mg  ;Tab; A. Tablet 
7;Amlodipin 10 mg;Tab; A. Tablet 
8;Amlodipin 5 mg;Tab; A. Tablet 
9;Amoksisilin 250 mg;Tab; A. Tablet 
10;Amoksisilin 500 mg;Tab; A. Tablet 
11;Amoksisilin Trihydrate;Tab; A. Tablet 
12;Ampicilin 500 mg;Tab; A. Tablet 
13;Antasida kombinasi;Tab; A. Tablet 
14;Asam asetilsalisilat 100 mg;Tab; A. Tablet 
15;Asam asetilsalisilat 80 mg;Tab; A. Tablet 
16;Asam folat 1 mg;Tab; A. Tablet 
17;Asam mefenamat 500 mg;Tab; A. Tablet 
18;Asam traneksamat 500 mg;Tab; A. Tablet 
19;Asam Valproat 250 mg;Tab; A. Tablet 
20;Asam Valproat 500 mg;Tab; A. Tablet 
21;Asiklovir 200 mg;Tab; A. Tablet 
22;Asiklovir 400 mg;Tab; A. Tablet 
23;Atapulgit 600 mg;Tab; A. Tablet 
24;Atapulgit 630 mg;Tab; A. Tablet 
25;Atropin 0,5 mg;Tab; A. Tablet 
26;Azitromisin;Tab; A. Tablet 
27;Azitromisin Kombipak;Tab; A. Tablet 
28;Azitromisin + Cefixime  ;Tab; A. Tablet 
29;Bedaquilline 100 mg  ;Tab; A. Tablet 
30;Betahistin 6 mg;Tab; A. Tablet 
31;Bionicom Zinc;Tab; A. Tablet 
32;Bisakodil (dulkolax) 5 mg;Tab; A. Tablet 
33;Ciprofloxacin 500 mg;Tab; A. Tablet 
34;Clofazimine 100 mg  ;Tab; A. Tablet 
35;Cloroquine;Tab; A. Tablet 
36;Cycloserine 250;Tab; A. Tablet 
37;Cycloserine USP 250;Tab; A. Tablet 
38;Deksametason 0,5 mg;Tab; A. Tablet 
39;Delamanid 50 mg;Tab; A. Tablet 
40;Dietilkarbamazepin 100 mg;Tab; A. Tablet 
41;Digoksin 0,25 mg;Tab; A. Tablet 
42;Dimenhidrinat 50 mg;Tab; A. Tablet 
43;Domperidon 10 mg;Tab; A. Tablet 
44;Ergotamin kombinasi (antimigren);Tab; A. Tablet 
45;Eritromisin 500 mg;Tab; A. Tablet 
46;Etambuthol 100 mg  ;Tab; A. Tablet 
47;Etambuthol 400 mg  ;Tab; A. Tablet 
48;Ethionamide 250 mg  ;Tab; A. Tablet 
49;Euthyrox 50 mg  ;Tab; A. Tablet 
50;Favipiravir;Kaps; A. Tablet 
51;Fenitoin 100 mg;Kaps; A. Tablet 
52;Fenitoin 30 mg;Kaps; A. Tablet 
53;Flukonazol 150 mg  ;Tab; A. Tablet 
54;Furosemid 40 mg;Tab; A. Tablet 
55;Garam oralit kombinasi;Sak; A. Tablet 
56;Gemfibrozil 300 mg;Kaps; A. Tablet 
57;Geriavita;Tab; A. Tablet 
58;Glibenklamid  5 mg;Tab; A. Tablet 
59;Glimepirid 2 mg;Tab; A. Tablet 
60;Gliseril guaiakolat 100 mg;Tab; A. Tablet 
61;Griseofulvin (micronized) 125 mg;Tab; A. Tablet 
62;Haloperidol 0,5 mg  ;Tab; A. Tablet 
63;Haloperidol 1,5 mg  ;Tab; A. Tablet 
64;Haloperidol 2 mg  ;Tab; A. Tablet 
65;Haloperidol 5 mg  ;Tab; A. Tablet 
66;Herbacold;Tab; A. Tablet 
67;Herbapain;Tab; A. Tablet 
68;Hidroklorotiazid 25 mg;Tab; A. Tablet 
69;Hiosina butilbromida 10 mg;Tab; A. Tablet 
70;Ibuprofen 200 mg;Tab; A. Tablet 
71;Ibuprofen 400 mg;Tab; A. Tablet 
72;Imboost;Tab; A. Tablet 
73;Isoniazid 300 mg  ;Tab; A. Tablet 
74;Isoniazid 300 mg + Rifapentine 300 mg  ;Tab; A. Tablet 
75;Isoniazid 50 mg + Rifampisin 75 mg  ;Tab; A. Tablet 
76;Isoniazid oral 100 mg  ;Tab; A. Tablet 
77;Isosorbid dinitrat 5 mg;Tab; A. Tablet 
78;Kalium diklofenak 50 mg;Tab; A. Tablet 
79;Kalsium Karbonat;Tab; A. Tablet 
80;Kalsium laktat (kalk) 500 mg;Tab; A. Tablet 
81;Kandesartan 16 mg;Tab; A. Tablet 
82;Kandesartan 8 mg;Tab; A. Tablet 
83;Kaptopril 12,5 mg;Tab; A. Tablet 
84;Kaptopril 25 mg;Tab; A. Tablet 
85;Karbamazepin 200 mg  ;Tab; A. Tablet 
86;Ketokonazol 200 mg;Tab; A. Tablet 
87;Ketoprofen 100 mg;Tab; A. Tablet 
88;Klindamisin 150 mg;Kaps; A. Tablet 
89;Klindamisin 300 mg;Kaps; A. Tablet 
90;Kloramfenikol 500 mg;Kaps; A. Tablet 
91;Klorfeniramin maleat 4 mg;Tab; A. Tablet 
92;Klorpromazin hcl 100 mg  ;Tab; A. Tablet 
93;Klorpromazin hcl 25  mg  ;Tab; A. Tablet 
94;Klozapin 100 mg  ;Tab; A. Tablet 
95;Klozapin 25 mg  ;Tab; A. Tablet 
96;Kombinasi (ACT/DHP)  ;Tab; A. Tablet 
97;Kotrimoksazol 480 mg;Tab; A. Tablet 
98;Kotrimoksazol Forte 960 mg;Tab; A. Tablet 
99;Kotrimoksazol Forte 960 mg  ;Tab; A. Tablet 
100;Kuinin 222 mg  ;Tab; A. Tablet 
101;Lanzoprazol 30 mg;Kaps; A. Tablet 
102;Levoflaksin 250 mg  ;Tab; A. Tablet 
103;Levoflaksin 750 mg  ;Tab; A. Tablet 
104;Levofloksasin 500 mg  ;Tab; A. Tablet 
105;Levotiroksin 50 mµ;Tab; A. Tablet 
106;Linezolid  ;Tab; A. Tablet 
107;Linezolid 600 mg  ;Tab; A. Tablet 
108;Loratadin 10 mg;Tab; A. Tablet 
109;MDT MB anak (obat kusta)  ;Pkt; A. Tablet 
110;MDT MB dewasa (obat kusta)  ;Pkt; A. Tablet 
111;MDT PB anak (obat kusta)  ;Pkt; A. Tablet 
112;MDT PB dewasa (obat kusta);Pkt; A. Tablet 
113;Mebendazol 100 mg;Tab; A. Tablet 
114;Meloksikam 15 mg;Tab; A. Tablet 
115;Meloksikam 7,5 mg;Tab; A. Tablet 
116;Metamizol (antalgin) 500 mg;Tab; A. Tablet 
117;Metformin 500 mg;Tab; A. Tablet 
118;Metformin 850 mg;Tab; A. Tablet 
119;Metilergometrin 0,125 mg;Tab; A. Tablet 
120;Metilprednisolon 4 mg;Tab; A. Tablet 
121;Metilprednisolon 8 mg;Tab; A. Tablet 
122;Metoclopramide 10 mg;Tab; A. Tablet 
123;Metoclopramide 5 mg;Tab; A. Tablet 
124;Metronidazol 250 mg;Tab; A. Tablet 
125;Metronidazol 500 mg;Tab; A. Tablet 
126;Mineral Mix  ;Sak; A. Tablet 
127;Moxifloxacin 400 mg  ;Tab; A. Tablet 
128;Multivitamin (Bionicom);Tab; A. Tablet 
129;Multivitamin (Fitbes);Kaps; A. Tablet 
130;Multivitamin (Sivit-Zink);Tab; A. Tablet 
131;Multivitamin C,B,E;Tab; A. Tablet 
132;Multivitamin ibu hamil (For Mom);Tab; A. Tablet 
133;Multivitamin ibu hamil (Gestiamin);Tab; A. Tablet 
134;Multivitamin lansia (pehavral);Tab; A. Tablet 
135;N-asetil sistein 200 mg;Tab; A. Tablet 
136;Natrium bikarbonat 500 mg;Kaps; A. Tablet 
137;Natrium diklofenak 25 mg;Tab; A. Tablet 
138;Natrium diklofenak 50 mg;Tab; A. Tablet 
139;Nifedipin 10 mg;Tab; A. Tablet 
140;Nifedipin 20 mg;Tab; A. Tablet 
141;Nistatin 500.000 IU;Tab; A. Tablet 
142;OAT Kategori Anak  ;Pkt; A. Tablet 
143;OAT KDT Kategori Anak  ;Pkt; A. Tablet 
144;OAT Kategori I  ;Pkt; A. Tablet 
145;OAT Kategori I (Stop TB)  ;Pkt; A. Tablet 
146;OAT Kategori I Kombipak  ;Pkt; A. Tablet 
147;OAT Kategori II  ;Pkt; A. Tablet 
148;Obat Batuk kombinasi (Alpara);Tab; A. Tablet 
149;Ofloksasin 200 mg;Pkt; A. Tablet 
150;Ofloksasin 400 mg;Tab; A. Tablet 
151;Omeprazol 20 mg;Kaps; A. Tablet 
152;Ondansetron 4 mg;Tab; A. Tablet 
153;Ondansetron 8 mg;Kaps; A. Tablet 
154;Oseltamivir;Tab; A. Tablet 
155;Parasetamol 500 mg;Tab; A. Tablet 
156;Pas Sodium 5,52 gr;Sachet; A. Tablet 
157;Pirantel pamoat 125 mg;Tab; A. Tablet 
158;Pirasetam 1200 mg;Tab; A. Tablet 
159;Pirasetam 400 mg;Tab; A. Tablet 
160;Piroksikam 10 mg;Tab; A. Tablet 
161;Piroksikam 20 mg;Tab; A. Tablet 
162;Prednison 5 mg;Tab; A. Tablet 
163;Primakuin 15 mg  ;Tab; A. Tablet 
164;Propiltiourasil 100 mg;Tab; A. Tablet 
165;Propranolol 10 mg;Tab; A. Tablet 
166;Propranolol 40 mg;Tab; A. Tablet 
167;Pyrazinamide 500 mg  ;Tab; A. Tablet 
168;Pyrimethamin 25 mg;Tab; A. Tablet 
169;Ranitidin 150 mg;Tab; A. Tablet 
170;Rifapentine 150 mg  ;Tab; A. Tablet 
171;Risperidon 1 mg  ;Tab; A. Tablet 
172;Risperidon 2 mg  ;Tab; A. Tablet 
173;Salbutamol 2 mg;Tab; A. Tablet 
174;Salbutamol 4 mg;Tab; A. Tablet 
175;Sefadroksil 500 mg;Tab; A. Tablet 
176;Sefiksim 400 mg + Azitromisin 1000 mg;Kaps; A. Tablet 
177;Setirizin 10 mg;Tab; A. Tablet 
178;Sikloserin (C5) 250 mg  ;Kaps; A. Tablet 
179;Simetidin 200 mg;Tab; A. Tablet 
180;Simvastatin 10 mg;Tab; A. Tablet 
181;Simvastatin 20 mg;Tab; A. Tablet 
182;Spironolakton 25 mg;Tab; A. Tablet 
183;Stimuno;Tab; A. Tablet 
184;Tambah darah kombinasi  ;Kaps; A. Tablet 
185;Trifluoperazin 5 mg  ;Tab; A. Tablet 
186;Triheksifenidil 2 mg  ;Tab; A. Tablet 
187;Triheksifenidil 5 mg;Tab; A. Tablet 
188;Vitamin A 100.000 IU (retinol) Biru  ;Tab; A. Tablet 
189;Vitamin A 200.000 IU (retinol) Merah  ;Kaps; A. Tablet 
190;Vitamin B 1 (tiamin) 50 mg;Kaps; A. Tablet 
191;Vitamin B 12 50 mcg;Tab; A. Tablet 
192;Vitamin B 6;Tab; A. Tablet 
193;Vitamin B 6  ;Tab; A. Tablet 
194;Vitamin B 6 - 25 mg;Tab; A. Tablet 
195;Vitamin B kompleks;Tab; A. Tablet 
196;Vitamin Becefort Tablet;Tab; A. Tablet 
197;Vitamin C (asam askorbat)  50 mg;Tab; A. Tablet 
198;Vitamin C 250 mg;Tab; A. Tablet 
199;Vitamin D3 1000 IU;Tab; A. Tablet 
200;Vitamin Hepagard;Tab; A. Tablet 
201;Vitamin K 1 (Fitomenadion) 10 mg;Tab; A. Tablet 
202;Zinc tablet dispersibel 20 mg;Tab; A. Tablet 
203;Air untuk injeksi (aqua pro injeksi) 10 ml;Vial; B. Injeksi 
204;Air untuk injeksi (aqua pro injeksi) 20 ml;Vial; B. Injeksi 
205;Air untuk injeksi (aqua pro injeksi) 25 ml;Vial; B. Injeksi 
206;Aminofilin 24 mg/ml;Amp; B. Injeksi 
207;Aminopilin Inj;Amp; B. Injeksi 
208;Ampisillin serb. inj 1000 mg (i.v.);Amp; B. Injeksi 
209;Antrain Inj;Amp; B. Injeksi 
210;Artemether 80 mg/ml;Amp; B. Injeksi 
211;Artesunat 60 mg/ml (i.v./i.m.)  ;Amp; B. Injeksi 
212;Asam traneksamat 100 mg/ml;Amp; B. Injeksi 
213;Asam traneksamat 50 mg/ml;Amp; B. Injeksi 
214;Asam traneksamat 5% inj 250 mg/5 ml;Amp; B. Injeksi 
215;Atropin 0,25 mg/ml;Amp; B. Injeksi 
216;Benzatin Penicilin 2,4  ;Amp; B. Injeksi 
217;Deksametason 5 mg/ml;Amp; B. Injeksi 
218;Difenhidramin hcl 10 mg/ml;Amp; B. Injeksi 
219;Epinefrin (adrenalin) 0,1%;Amp; B. Injeksi 
220;Flufenazin 25 mg/ml (Sikzonoate)  ;Amp; B. Injeksi 
221;Furosemid 10 mg/ml;Amp; B. Injeksi 
222;Gentamisin  40 mg/ml;Amp; B. Injeksi 
223;Haloperidol 5 mg/ml  ;Amp; B. Injeksi 
224;Haloperidol 50 mg/ml  ;Amp; B. Injeksi 
225;Kalsium glukonat 10 %;Amp; B. Injeksi 
226;Kanamicyn Injeksi  ;Vial; B. Injeksi 
227;Ketorolak 30 mg/ml;Amp; B. Injeksi 
228;Klorpromazin 25 mg/ml;Amp; B. Injeksi 
229;Lidokain 2 %;Amp; B. Injeksi 
230;Lidokain kompositum;Amp; B. Injeksi 
231;Magnesium sulfat 20 % (i.v.);Btl; B. Injeksi 
232;Magnesium sulfat 40 % (i.v.);Btl; B. Injeksi 
233;Metamizol (antalgin) 500 mg/2 ml;Amp; B. Injeksi 
234;Metiklopramid HCL 5 mg/ml;Amp; B. Injeksi 
235;Metilergometrin 0.2 mg/ml;Amp; B. Injeksi 
236;Norepinephrine 1 mg/ml;Amp; B. Injeksi 
237;Oksitosin 10 iu/ml;Amp; B. Injeksi 
238;Omeprazol 40 mg/ml;Amp; B. Injeksi 
239;Ondansetron 4 mg/2 ml;Amp; B. Injeksi 
240;Piracetam 1 gr;Amp; B. Injeksi 
241;Prokain benzil penisillin 3 juta iu/ml;Amp; B. Injeksi 
242;Ranitidin 25 ml/ml;Vial; B. Injeksi 
243;Ranitidin 50 mg/2 ml;Vial; B. Injeksi 
244;Remdesifir Inj;Vial; B. Injeksi 
245;Salbutamol inj 1 mg/ml;Amp; B. Injeksi 
246;Sefotaksim serb. gram inj  0,5;Vial; B. Injeksi 
247;Sefotaksim serb. inj 1000 mg;Vial; B. Injeksi 
248;Seftriakson serb. inj 1.000 mg;Amp; B. Injeksi 
249;Streptomecin 1 gr Injeksi;Vial; B. Injeksi 
250;Vitamin B 1 (tiamin) 100 mg /ml;Amp; B. Injeksi 
251;Vitamin B 12 (sianokobalamin) 500 mcg;Amp; B. Injeksi 
252;Vitamin K 1 (fitomenadion) 10 mg/ml;Amp; B. Injeksi 
253;Vitamin K 1 (fitomenadion) 2 mg/ml;Amp; B. Injeksi 
254;Diazepam  (Stesolid) enema 10 mg/2,5 ml;Tube; C. Narkotik 
255;Diazepam  (Stesolid) enema 5 mg/2,5 ml;Tube; C. Narkotik 
256;Diazepam 2 mg;Tab; C. Narkotik 
257;Diazepam 5 mg;Tab; C. Narkotik 
258;Diazepam Inj 5 mg/ml (i.v.);Amp; C. Narkotik 
259;Fenobarbital 30 mg;Tab; C. Narkotik 
260;Fenobarbital 50 mg/ml;Amp; C. Narkotik 
261;Klobazam 10 mg;Tab; C. Narkotik 
262;Kodein 10 mg;Tab; C. Narkotik 
263;Antifungi kombinasi;Tube; D. Salep 
264;Antihemoroid kombinasi;Supp; D. Salep 
265;Asiklovir 5% Krim;Tube; D. Salep 
266;Basitrasin - polimiksin B;Tube; D. Salep 
267;Bedak salisil 2%;Ktk; D. Salep 
268;Betametason 0,1% krim;Tube; D. Salep 
269;Bioplacenton krim;Tube; D. Salep 
270;Bisakodil ( dulcolax ) 5mg;Supp; D. Salep 
271;Bisakodil (dulcolax) 10 mg;Tube; D. Salep 
272;Desoksimetason 0,25 % krim;Tube; D. Salep 
273;Gentamisin  salep kulit;Tube; D. Salep 
274;Gentamisin  salep mata;Tube; D. Salep 
275;Hidrokortison 2,5% krim;Tube; D. Salep 
276;Ketokonazol 2 % krim;Tube; D. Salep 
277;Ketoprofen Supp 100 mg;Supp; D. Salep 
278;Kloramfenikol 1% salep mata;Tube; D. Salep 
279;Kloramfenikol 3% salep kulit;Tube; D. Salep 
280;Kloramfenikol salep kulit 2%;Tube; D. Salep 
281;Metronidazol Ovula 500 mg;Ovul; D. Salep 
282;Mikonazol 2 % krim;Tube; D. Salep 
283;Mometason Furoat;Tube; D. Salep 
284;Nistatin 100.000 IU;Supp; D. Salep 
285;Oksitetrasiklin salep kulit;Tube; D. Salep 
286;Oksitetrasiklin salep mata;Tube; D. Salep 
287;Permethrin kream 5%;Tube; D. Salep 
288;Povidon iodin / betadine salep;Tube; D. Salep 
289;Salep 2-4 kombinasi krim;Tube; D. Salep 
290;Sulfadiazine 10 Mg Salep;Tube; D. Salep 
291;Albendazol Sirup;Btl; E. Sirup 
292;Ambroksol drop 15 mg/ ml;Btl; E. Sirup 
293;Ambroksol sirup 15 mg/5 ml;Btl; E. Sirup 
294;Ambroksol sirup 30 mg/5 ml;Btl; E. Sirup 
295;Amoksisilin Drop 100 mg/ml;Btl; E. Sirup 
296;Amoksisilin sirup kering 125 mg/5 ml;Btl; E. Sirup 
297;Amoksisilin sirup kering 250 mg/5 ml;Btl; E. Sirup 
298;Antasida susp;Btl; E. Sirup 
299;Asam Valproat 250 mg/5 ml;Btl; E. Sirup 
300;Becefort Sirup;Btl; E. Sirup 
301;Caviflex sirup;Btl; E. Sirup 
302;Dextrofen sirup;Btl; E. Sirup 
303;Domperidon sirup 5 mg/5 ml;Btl; E. Sirup 
304;Eritromisin 60 ml;Btl; E. Sirup 
305;Ibuprofen sups 100 mg / 5 ml;Btl; E. Sirup 
306;Ibuprofen sups 200 mg / 5 ml;Btl; E. Sirup 
307;Imboost Sirup;Btl; E. Sirup 
308;Kloramfenikol susp 125 mg/5 ml;Btl; E. Sirup 
309;Kotrimoksazol susp 240 mg/5 ml;Btl; E. Sirup 
310;Laktulosa 3,335 g/5 ml;Btl; E. Sirup 
311;Metronidazol susp 125 mg/5 mL;Btl; E. Sirup 
312;Multivitamin Anak Kombinasi (Lytacur);Btl; E. Sirup 
313;Nistatin drop 100.000 IU/ml;Btl; E. Sirup 
314;Obat batuk hitam (OBH) sirup;Btl; E. Sirup 
315;Obat Batuk Kombinasi (Donexan Dx 60 ml);Btl; E. Sirup 
316;Parasetamol Drop @ 15 ml;Btl; E. Sirup 
317;Parasetamol drops 100 mg/ml;Btl; E. Sirup 
318;Parasetamol sirup 120 mg/5 ml;Btl; E. Sirup 
319;Pirantel pamoat sirup 125 mg/5 ml;Btl; E. Sirup 
320;Procuma sirup;Btl; E. Sirup 
321;Sirup Salbutamol 2 mg ;Btl; E. Sirup 
322;Sirup Multivitamin Caviplex;Btl; E. Sirup 
323;Sefadroksil sirup kering 125 mg/5 ml;Btl; E. Sirup 
324;Sefadroksil sirup kering 250 mg /forte;Btl; E. Sirup 
325;Setirizin 5mg / 5 ml;Btl; E. Sirup 
326;Stimuno Sirup;Btl; E. Sirup 
327;Sukralfat Suspen 500 mg/5 ml;Btl; E. Sirup 
328;Sukralfat Suspen 100ml;Btl; E. Sirup 
329;Zink sulfat drop;Btl; E. Sirup 
330;Zink sirup 20mg/ 5ml;Btl; E. Sirup 
331;Alkacide;Btl; F. Larutan 
332;Alkazyme;Btl; F. Larutan 
333;Budesonid 0,25 mg/ml;Respul; F. Larutan 
334;Bromhexin (Bisolvon);Btl; F. Larutan 
335;Etakridinn laktat 0,1% (rivanol);Btl; F. Larutan 
336;Etanol 70 % 1000 ml;Btl; F. Larutan 
337;Fenol gliserol 10 % tetes telinga;Btl; F. Larutan 
338;Fenoterol HBR 0,1 % (Berotec);Btl; F. Larutan 
339;Gentamisin 0,3 % tetes mata;Btl; F. Larutan 
340;Gentian violet  1 %;Btl; F. Larutan 
341;Glukosa  10 % (D.10) 500 ml;Btl; F. Larutan 
342;Glukosa 40 % (D.40) 25 ml;Btl; F. Larutan 
343;Glukosa 5 % (D.5) 500 ml;Btl; F. Larutan 
344;KA-EN 1 B 500 ml;Btl; F. Larutan 
345;KA-EN 3 B 500 ml;Btl; F. Larutan 
346;Karbol;Btl; F. Larutan 
347;Kloramfenikol 3% tetes telinga;Btl; F. Larutan 
348;Kloramfenikol Tetes mata;Btl; F. Larutan 
349;Larutan Asam Asetat 5% 100 ml;Btl; F. Larutan 
350;Levoflaxin Larutan;Btl; F. Larutan 
351;Lysol 1 liter;Btl; F. Larutan 
352;Meprovent Kombinasi Ipratropium & Salbutamol;Amp; F. Larutan 
353;Metronidazol infus 5 mg/ml;Btl; F. Larutan 
354;NACL 0,9% 10 ml;Btl; F. Larutan 
355;NaCL 0,9% 100 ml;Btl; F. Larutan 
356;NaCL 0,9% 500 ml;Btl; F. Larutan 
357;Otsu NS 100 ml;Btl; F. Larutan 
358;Parasetamol infus 10 mg/ml;Btl; F. Larutan 
359;Povidon iodin 10 % 30 ml;Btl; F. Larutan 
360;Povidon iodin 10 % 300 ml;Btl; F. Larutan 
361;Povidon iodin 60 ml;Btl; F. Larutan 
362;Phenol Glyserol Tetes Telinga;Btl; F. Larutan 
363;Ringer laktat (RL) 500 ml;Btl; F. Larutan 
364;Salbutamol 1 mg/ml;Amp; F. Larutan 
365;Serum anti bisa ular (A.B.U l);Vial; G. SerumVaksin 
366;Serum anti tetanus inj.1.500 iu / ( a.t.s );Amp; G. SerumVaksin 
367;Serum Anti Rabies;Vial; G. SerumVaksin 
368;Tuberkulin (Test Mantoux);Amp; G. SerumVaksin 
369;Vaksin anti rabies/ VAR/ Verorab;Vial; G. SerumVaksin 
370;Vaksin BCG;Vial; G. SerumVaksin 
371;Vaksin campak;Vial; G. SerumVaksin 
372;Vaksin Formening;Vial; G. SerumVaksin 
373;Vaksin Hepatitis 0,5 ml Neonatis (HBO);Pouches; G. SerumVaksin 
374;Vaksin hepatitis B dewasa;Pouches; G. SerumVaksin 
375;Vaksin Hepatitis Bayi Hyperheb (HBIG);Vial; G. SerumVaksin 
376;Vaksin jerap difteri tetanus (DT) < 7 th;Vial; G. SerumVaksin 
377;Vaksin jerap difteri tetanus (DT) ≥ 7 th;Vial; G. SerumVaksin 
378;Vaksin jerap difteri tetanus (TD) ≥ 7 th;Vial; G. SerumVaksin 
379;Vaksin kombinasi DPT-HB-Hib;Vial; G. SerumVaksin 
380;Vaksin MR;Vial; G. SerumVaksin 
381;Vaksin Rotavirus (Rotavac);Vial; G. SerumVaksin 
382;Vaksin Pneumococal (PCV);Vial; G. SerumVaksin 
383;Vaksin Polio;Vial; G. SerumVaksin 
384;Vaksin polio ipv 0,5 ml (i.m.);Vial; G. SerumVaksin 
385;Vaksin polio t-opv drops 10 dosis;Vial; G. SerumVaksin 
386;Alat suntik sekali pakai 0,05 ml;Pcs; H. BHP 
387;Alat suntik sekali pakai 0,3 ml;Pcs; H. BHP 
388;Alat suntik sekali pakai 0,5 ml;Pcs; H. BHP 
389;Alat suntik sekali pakai 1 ml;Pcs; H. BHP 
390;Alat suntik sekali pakai 10 ml;Pcs; H. BHP 
391;Alat suntik sekali pakai 15 ml;Pcs; H. BHP 
392;Alat suntik sekali pakai 3 ml;Pcs; H. BHP 
393;Alat suntik sekali pakai 5 ml;Pcs; H. BHP 
394;Alkohol Swab;Pcs; H. BHP 
395;Antiseptik gel 500 ml;Btl; H. BHP 
396;Backpack Sprayer;Pcs; H. BHP 
397;Baju APD;Pcs; H. BHP 
398;Baju APD Berlian Sanitary;Pcs; H. BHP 
399;Baju APD Cover All (AEATAKA);Pcs; H. BHP 
400;Baju APD DID;Pcs; H. BHP 
401;Baju APD Hazmat BOHO;Pcs; H. BHP 
402;Baju APD Imunisasi;Pcs; H. BHP 
403;Baju APD Lengkap 5 Item;Pcs; H. BHP 
404;Baju APD Mediglobe;Pcs; H. BHP 
405;Baju APD Merk Hansa;Pcs; H. BHP 
406;Baju APD Merk Osone;Pcs; H. BHP 
407;Baju APD Pemda/Donasi;Pcs; H. BHP 
408;Baju APD Protektif Suit;Pcs; H. BHP 
409;Baju APD Set;Pcs; H. BHP 
410;Baju APD Steril Trigi;Pcs; H. BHP 
411;Baju APD Tugas Merk M-KU 63;Pcs; H. BHP 
412;Baju APD/Alat Pelindung Diri (Dinas Sosial);Pcs; H. BHP 
413;Baju APD/Cover all Suit (SETDA);Pcs; H. BHP 
414;Baju APD/Hazmat Multratex;Pcs; H. BHP 
415;Baju Gown level 2 (Putih bisa dicuci) DID 3;Pcs; H. BHP 
416;Baju Hazmat (APD);Pcs; H. BHP 
417;Baju Hazmat Cuci Ulang;Pcs; H. BHP 
418;Bayclin;Btl; H. BHP 
419;Bisturi uk.15;Ktk; H. BHP 
420;Bisturi uk.20;Ktk; H. BHP 
421;Bisturi uk.21;Ktk; H. BHP 
422;Bisturi uk.22;Ktk; H. BHP 
423;Blood transfusi set;Set; H. BHP 
424;Body Wash (Betadine);Btl; H. BHP 
425;Cairan Disenfektan;Liter; H. BHP 
426;Cat gut chromic 2/0;Pcs; H. BHP 
427;Cat gut chromic 3/0;Pcs; H. BHP 
428;Cat gut plain 2/0;Sak; H. BHP 
429;Cat gut T-Plain 2/0;Pcs; H. BHP 
430;Cat gut plain 3/0;Sak; H. BHP 
431;Cat gut T-Plain 3/0;Pcs; H. BHP 
432;Cat gut T-Cronic 3/0;Pcs; H. BHP 
433;Face Shield;Pcs; H. BHP 
434;Face Shield Disposible;Pcs; H. BHP 
435;Face Shield Helm;Pcs; H. BHP 
436;Face Shield Naik Turun;Pcs; H. BHP 
437;Face Shield Plastik;Pcs; H. BHP 
438;Folly catheter No.16;Pcs; H. BHP 
439;Folly catheter No.18;Pcs; H. BHP 
440;Handsanitaizer;Btl; H. BHP 
441;I.V. catheter No.18;Pcs; H. BHP 
442;I.V. catheter No.20;Pcs; H. BHP 
443;I.V. catheter No.22;Pcs; H. BHP 
444;I.V. Catheter No.24;Pcs; H. BHP 
445;I.V. Catheter No.26;Pcs; H. BHP 
446;Infus set anak;Pcs; H. BHP 
447;Infus set dewasa;Pcs; H. BHP 
448;Jarum (needle) 23;Pcs; H. BHP 
449;Jarum (needle) 27;Pcs; H. BHP 
450;K.y jelly 82 gram;Tube; H. BHP 
451;Kaca Mata Google;Pcs; H. BHP 
452;Kapas pembalut/absorben 250 gram;Bks; H. BHP 
453;Kasa 40 m x 80 cm;Roll; H. BHP 
454;Kasa kompres 40/40 steril;Roll; H. BHP 
455;Kasa pembalut 2 m x 80 cm;Roll; H. BHP 
456;Kasa pembalut hidrofil 4 m x 10 cm;Roll; H. BHP 
457;Kasa pembalut hidrofil 4 m x 15 cm;Roll; H. BHP 
458;Kasa pembalut hidrofil 4 m x 3 cm;Roll; H. BHP 
459;Kasa pembalut hidrofil 4 m x 5 cm;Roll; H. BHP 
460;Kasa steril 16x16 cm;Ktk; H. BHP 
461;Kertas puyer biasa;Pack; H. BHP 
462;Kertas puyer press;Pack; H. BHP 
463;Kondom Sutra;Pcs; H. BHP 
464;Kondom  ;Pcs; H. BHP 
465;Lubricant  ;Pcs; H. BHP 
466;Masker;Pcs; H. BHP 
467;Masker (Winner);Pcs; H. BHP 
468;Masker 3 Ply (P2P);Pcs; H. BHP 
469;Masker Bedah;Pcs; H. BHP 
470;Masker Bedah Kaisin;Pcs; H. BHP 
471;Masker Kain;Pcs; H. BHP 
472;Masker Kaltech;Pcs; H. BHP 
473;Masker Kaltech (Hijab);Pcs; H. BHP 
474;Masker Kaltech 3 Ply Earloop;Pcs; H. BHP 
475;Masker KN 95;Pcs; H. BHP 
476;Masker Kuning (Donasi);Pcs; H. BHP 
477;Masker Medis;Pcs; H. BHP 
478;Masker Medis Anak;Pcs; H. BHP 
479;Masker Medis/Bedah;Pcs; H. BHP 
480;Masker Medis (Onemed);Pcs; H. BHP 
481;Masker Merah (Donasi);Pcs; H. BHP 
482;Masker N 95 (YX135);Pcs; H. BHP 
483;Masker N 95 (YX135/Respokare);Pcs; H. BHP 
484;Masker N 95 (Aero Pro);Pcs; H. BHP 
485;Masker N 95;Pcs; H. BHP 
486;Masker N 95 (Program TB);Pcs; H. BHP 
487;Masker N 95 (P2P) Semilles;Pcs; H. BHP 
488;Masker N 95 1860S;Pcs; H. BHP 
489;Masker N 95 1870;Pcs; H. BHP 
490;Masker N-95 (3M);Pcs; H. BHP 
491;Masker N 95 (Biqrich);Pcs; H. BHP 
492;Masker SPMed Hijab;Pcs; H. BHP 
493;Masker Nebulizer Anak;Set; H. BHP 
494;Masker Nebulizer Bayi;Set; H. BHP 
495;Masker Nebulizer Dewasa;Set; H. BHP 
496;Nasogastrik tube (NGT) No. 16;Pcs; H. BHP 
497;Parafilm;Roll; H. BHP 
498;Penghisap lendir;Pcs; H. BHP 
499;Penghisap lendir bayi;Pcs; H. BHP 
500;Penjepit tali pusat;Pcs; H. BHP 
501;Penutup Wajah;Pcs; H. BHP 
502;Penutup kepala;Pcs; H. BHP 
503;Plastik klip pembungkus obat 8,7 x 13 cm;Lbr; H. BHP 
504;Plastik klip pembungkus obat 8,7 x 5 cm;Lbr; H. BHP 
505;Plester 1,25 X 4,5 m;Roll; H. BHP 
506;Plester 5cm x 4,5 cm;Roll; H. BHP 
507;Plester bulat/ plesterin;Pcs; H. BHP 
508;Plester 5 cm x 5 cm;Pcs; H. BHP 
509;Plester cannofix;Pcs; H. BHP 
510;Plester dermafix;Pcs; H. BHP 
511;Plester hypafix;Pcs; H. BHP 
512;Plester Elastis 19 mm X 65 mm;Pcs; H. BHP 
513;Plesterin Roll 20 cm x 5 m CBH;Roll; H. BHP 
514;Plesterin Roll 5 cm x 5 m;Roll; H. BHP 
515;Safety box 12,5 L;Pcs; H. BHP 
516;Safety box 5 L;Pcs; H. BHP 
517;Safety box 2,5 L;Pcs; H. BHP 
518;Safety box;Pcs; H. BHP 
519;Sarung tangan non steril Uk. L;Psg; H. BHP 
520;Sarung tangan non steril Uk. M;Psg; H. BHP 
521;Sarung tangan non steril Uk. S;Psg; H. BHP 
522;Sarung tangan non steril Uk. XS;Psg; H. BHP 
523;Sarung tangan steril ginekologi Uk. L;Psg; H. BHP 
524;Sarung tangan steril ginekologi Uk. M;Psg; H. BHP 
525;Sarung tangan steril ginekologi Uk. S;Psg; H. BHP 
526;Sarung Tangan Steril No. 6;Psg; H. BHP 
527;Sarung Tangan Steril No. 6,5;Psg; H. BHP 
528;Sarung Tangan Steril No. 7;Psg; H. BHP 
529;Sarung tangan steril No. 7,5;Psg; H. BHP 
530;Sarung Tangan steril no.8;Psg; H. BHP 
531;Sarung Tangan Steril S;Psg; H. BHP 
532;Sarung Tangan Steril XS;Psg; H. BHP 
533;Selang oksigen anak;Pcs; H. BHP 
534;Selang oksigen bayi;Pcs; H. BHP 
535;Selang oksigen dewasa;Pcs; H. BHP 
536;Sendok kertas puyer;Pcs; H. BHP 
537;Sendok Obat;Pcs; H. BHP 
538;Sepatu Boot;Pcs; H. BHP 
539;Silk (benang bedah sutra) No. 2/0;Ktk; H. BHP 
540;Silk (benang bedah sutra) No. 3/0;Sak; H. BHP 
541;Speculum logam (Marwa);Pcs; H. BHP 
542;Speculum Uk L;Pcs; H. BHP 
543;Speculum Uk M;Pcs; H. BHP 
544;Speculum Uk S;Pcs; H. BHP 
545;Surgical Gown;Pcs; H. BHP 
546;Surgical Gown Hijau Muda;Pcs; H. BHP 
547;T-Silk 3-0;Pcs; H. BHP 
548;Underpads;Pcs; H. BHP 
549;Urin bag;Pcs; H. BHP 
550;Urin bag 2000 ml;Pcs; H. BHP 
551;Wing needle no 27 G;Pcs; H. BHP 
552;AIC Now + Multi Test AIC System;Test; I. Lab 
553;Alat pulmo (peak flow);Set; I. Lab 
554;Albumin;Pcs; I. Lab 
555;Albumin BCG;Pcs; I. Lab 
556;Albumin CTR;Pcs; I. Lab 
557;Anafilaktif Kit;Set; I. Lab 
558;Anti HBS Total II;Kit; I. Lab 
559;Ari Soundtimer;Pcs; I. Lab 
560;Asam asetat (Cuka);Btl; I. Lab 
561;ASO Latex Kit;Kit; I. Lab 
562;Bilik hitung;Pcs; I. Lab 
563;Bilirubin Total DC;Pcs; I. Lab 
564;Billirubin Direct DC;Pcs; I. Lab 
565;Blood lancet;Pcs; I. Lab 
566;Bulb pipet;Bh; I. Lab 
567;Catridge TCM genexpert;Kit; I. Lab 
568;Catridge VL Genexpert;Kit; I. Lab 
569;CD-4 Pima;Pcs; I. Lab 
570;Cholesterol;Pcs; I. Lab 
571;Combina 13 Human;Test; I. Lab 
572;Compresson nebulizer;Pcs; I. Lab 
573;Creatin;Pcs; I. Lab 
574;Creatinin;Pcs; I. Lab 
575;CRP Latex Kit;Kit; I. Lab 
576;Dapron;Pcs; I. Lab 
577;Disposible pipet;Pcs; I. Lab 
578;Dropper 80 mm;Pcs; I. Lab 
579;Dropper besar;Pcs; I. Lab 
580;Glucose GOD-PAD;Pcs; I. Lab 
581;HDL-C;Pcs; I. Lab 
582;HDL-C Preciptant;Pcs; I. Lab 
583;Jarum Vacutainer;Pcs; I. Lab 
584;Kaca slide/ Kaca objek;Set; I. Lab 
585;KIT diagnostic untuk HIV;Pcs; I. Lab 
586;Kertas EKG;Roll; I. Lab 
587;KIT RPR;Pcs; I. Lab 
588;Kotak slide;Pcs; I. Lab 
589;Lampu spiritus 150 ml;Pcs; I. Lab 
590;Lancet aktiv BD 1,8;Pcs; I. Lab 
591;Lancet blue 1,5;Pcs; I. Lab 
592;Larutan Giemsa;Btl; I. Lab 
593;LDH-L;Pcs; I. Lab 
594;LDL-L;Pcs; I. Lab 
595;Lidi Swabs;Pcs; I. Lab 
596;Medline;Pcs; I. Lab 
597;Microhematokrit tube wax;Pcs; I. Lab 
598;Mikro tube (Vol 1,5 ml);Pcs; I. Lab 
599;Mikroskope cover glasses 18x18 mm;Pcs; I. Lab 
600;Mikroskope cover glasses 20x20 mm;Pcs; I. Lab 
601;Mikroskope cover glasses 22x22 mm;Pcs; I. Lab 
602;Mikroskope cover glasses 24x24 mm;Pcs; I. Lab 
603;Nebulizer;Bh; I. Lab 
604;Peak flow meter;Pcs; I. Lab 
605;Pen lancet;Pcs; I. Lab 
606;Pengukur tinggi badan;Pcs; I. Lab 
607;Pipet eritrosit;Pcs; I. Lab 
608;Pipet HB;Pcs; I. Lab 
609;Pipet leukosit;Pcs; I. Lab 
610;Pipet tips universal 10 ui;Pcs; I. Lab 
611;Pipet westergren;Bh; I. Lab 
612;Pot dahak;Pcs; I. Lab 
613;Pot urine;Pcs; I. Lab 
614;Protein Total Mono;Pcs; I. Lab 
615;Rak staenles tes tube;Pcs; I. Lab 
616;Rapid Antigen Covid-19;Test; I. Lab 
617;Rapid Antigen Skytest;Test; I. Lab 
618;Rapid Covid Antibody Healgen;Test; I. Lab 
619;RDT SARS Antibody;Test; I. Lab 
620;RDT SARS Antigen;Test; I. Lab 
621;RDT Antibody Covid-19 IgG/IgM;Test; I. Lab 
622;RDT Antigen (Ecotest);Test; I. Lab 
623;RDT Antigen Al-Med;Test; I. Lab 
624;RDT Antigen Covid-19;Test; I. Lab 
625;RDT Antigen Covid-19 SD Biosensor;Test; I. Lab 
626;RDT Antigen Whole Power;Test; I. Lab 
627;RDT Covid 19;Test; I. Lab 
628;RDT Covid 19 (Merk Ecotest);Test; I. Lab 
629;RDT Covid 19 (Merk Indec);Test; I. Lab 
630;RDT Covid 19 (Merk Lungene);Test; I. Lab 
631;RDT Covid 19 Antibody;Test; I. Lab 
632;RDT Covid 19 Antigen;Test; I. Lab 
633;RDT Covid-19 Merk Panbio;Test; I. Lab 
634;RDT Diagnostar HIV;Test; I. Lab 
635;RDT HCV SD Bio;Test; I. Lab 
636;RDT Duo HIV/Syphilis SD Bioline;Test; I. Lab 
637;RDT Hepatitis HBSAG (Virocheck);Test; I. Lab 
638;RDT Hepatitis HBSAG (Biosensor);Test; I. Lab 
639;RDT HIV D5 (Diagnostar);Test; I. Lab 
640;RDT HIV KHB;Test; I. Lab 
641;RDT DBD IgG / IgM;Test; I. Lab 
642;RDT DBD Virotec Combo (IgG/IgM & NS1);Test; I. Lab 
643;RDT HIV & Syphilis Combo;Test; I. Lab 
644;RDT DBD NS-1;Test; I. Lab 
645;RDT Hepatitis Anti - HBS;Test; I. Lab 
646;RDT Hepatitis Anti - HCV;Test; I. Lab 
647;RDT Hepatitis HCV;Test; I. Lab 
648;RDT Hepatitis HIV 3 Diagnostar;Test; I. Lab 
649;RDT Hepatitis HIV Diagnostar;Test; I. Lab 
650;RDT Hepatitis HIV KHB Diagnostar (HIV R2);Test; I. Lab 
651;RDT HIV  (SD BIO);Test; I. Lab 
652;RDT HIV  (VIKIA);Test; I. Lab 
653;RDT HIV (FOKUS);Test; I. Lab 
654;RDT HIV R2 Diagnostar;Test; I. Lab 
655;RDT HIV R3 SD Biosensor;Test; I. Lab 
656;RDT malaria;Test; I. Lab 
657;RDT malaria Bioline;Test; I. Lab 
658;RDT malaria Carestart;Test; I. Lab 
659;RDT sipilis;Test; I. Lab 
660;RDT sipilis Trepocheck;Test; I. Lab 
661;RDT HIV merk SD Bioline;Test; I. Lab 
662;RDT Sifilis merk SD Bioline;Test; I. Lab 
663;RDT Sifilis merk Trepocheck;Kit; I. Lab 
664;RDT Typhoid ACRO;Test; I. Lab 
665;RDT Virocheck HBSAG;Test; I. Lab 
666;RDT Virocheck HIV I;Pcs; I. Lab 
667;RDT Virocheck HIV 1/2 (25);Pcs; I. Lab 
668;Reagen Cell clean;Pcs; I. Lab 
669;Reagen Cellpack;Box; I. Lab 
670;Reagen Cholesterol;Pcs; I. Lab 
671;Reagen Giemsa;Pcs; I. Lab 
672;Reagen Gol darah anti D;Pcs; I. Lab 
673;"Reagen Golongan Darah ""A""";Pcs; I. Lab 
674;"Reagen Golongan Darah ""AB""";Pcs; I. Lab 
675;"Reagen Golongan Darah ""B""";Pcs; I. Lab 
676;"Reagen Golongan Darah Anti ""D""";Pcs; I. Lab 
677;Reagen GOT / ASAT;Pcs; I. Lab 
678;Reagen GPT / ALAT;Pcs; I. Lab 
679;Reagen Hemoglobin;Pcs; I. Lab 
680;Reagen Immersion;Pcs; I. Lab 
681;Reagen Photometer Glukosa;Pcs; I. Lab 
682;Reagen Photometer Kolesterol;Pcs; I. Lab 
683;Reagen Photometer Trigliserida;Pcs; I. Lab 
684;Reagen RPR Antigen Sifilis;Pcs; I. Lab 
685;Reagen Stromatolyer;Pcs; I. Lab 
686;Reagen Total Mono;Pcs; I. Lab 
687;Reagen Triglyserida;Pcs; I. Lab 
688;Reagen Photometer Urea;Unit; I. Lab 
689;"Reagen Widal ""H""";Btl; I. Lab 
690;"Reagen Widal ""O""";Test; I. Lab 
691;Reagen Ziehl Neelson;Test; I. Lab 
692;RPR Sipilis (Fokus);Pcs; I. Lab 
693;Sample Collection Kit WHO Module;Pcs; I. Lab 
694;SGOT;Pcs; I. Lab 
695;SGPT;Test; I. Lab 
696;Spritus;Test; I. Lab 
697;Startes HCV Indec;Test; I. Lab 
698;Syphilis Cassette;Test; I. Lab 
699;Tabung hematokrit heparin;Test; I. Lab 
700;Tabung hematokrit non heparin;Test; I. Lab 
701;Tabung Vacutainer EDTA;Test; I. Lab 
702;Tabung vacutainer EDTA 2 ml;Pcs; I. Lab 
703;Tabung vacutainer EDTA 3 ml;Pcs; I. Lab 
704;Test asam urat;Test; I. Lab 
705;Test gluco protein urine;Test; I. Lab 
706;Test Asam Urat Strip Autocheck;Test; I. Lab 
707;Test Glukosa Strip Autocheck;Test; I. Lab 
708;Test Glukosa Strip Benecheck;Test; I. Lab 
709;Test Pemeriksaan Glukosa Benecheck;Test; I. Lab 
710;Test HIV R2 Diagnostar (KHB);Test; I. Lab 
711;Test HIV R3;Test; I. Lab 
712;Test iodium;Test; I. Lab 
713;Test Kehamilan (Ultra One);Test; I. Lab 
714;Test kehamilan / PP test;Test; I. Lab 
715;Test Kolesterol Strip Autocheck;Test; I. Lab 
716;Test kolestrol;Pcs; I. Lab 
717;Test pemeriksaan gula darah;Pcs; I. Lab 
718;Test pemeriksaan HB;Pcs; I. Lab 
719;Test Pemeriksaan Urine 10 Parameter;Pcs; I. Lab 
720;Tipe mikro pipet warna biru;Pcs; I. Lab 
721;Tipe mikro pipet warna kuning;Pcs; I. Lab 
722;Tipe mikro pipet warna putih;Pcs; I. Lab 
723;Tisu;Pcs; I. Lab 
724;Tisue mikroskop;Pcs; I. Lab 
725;Tube microtainer/ mierogard EDTA;Pcs; I. Lab 
726;Tube mikro (Vol 1,5 ml);Pcs; I. Lab 
727;Tube mikro (Vol 2 ml);Set; I. Lab 
728;Urin Container 60 ml non steril;Pcs; I. Lab 
729;Urea UV Enzy;Set; I. Lab 
730;Ureum;Pcs; I. Lab 
731;Ureum UV;Pcs; I. Lab 
732;Uric Acid / Asam Urat;Pcs; I. Lab 
733;VTM;Pcs; I. Lab 
734;VTM Merek Jun Nuo;Pcs; I. Lab 
735;VTM Set;Pcs; I. Lab 
736;VTM Set (VTM + Dapron);Pcs; I. Lab 
737;Xpert HIV Viral Load;Pcs; I. Lab 
738;Bahan tambahan light curing;Kit; J. Gigi 
739;Bahan tumpatan (fuji GC 1-1 Ekstra);Pack; J. Gigi 
740;Bonding resine;Btl; J. Gigi 
741;Bor Diamond RA Student Kit (Edenta);Kit; J. Gigi 
742;Caviton;Btl; J. Gigi 
743;Cellopand strip swenska;Pack; J. Gigi 
744;Devitalisasi pasta;Btl; J. Gigi 
745;Endo Needle no 27;Pcs; J. Gigi 
746;Endometason;Pcs; J. Gigi 
747;Etching SDI liquid / Acid ethan liquid;Btl; J. Gigi 
748;Etil klorida semprot 100 ml;Btl; J. Gigi 
749;Eugenol cairan;Btl; J. Gigi 
750;Fraser / Bentuk silinder;Bh; J. Gigi 
751;Glass ionomer FUJI GC ekstra 1-1 (hijau);Ktk; J. Gigi 
752;Gutta percha poins;Ktk; J. Gigi 
753;H - file;Pcs; J. Gigi 
754;Jarum ekterpasi (exterpatie swenska);Pack; J. Gigi 
755;K - file;Ktk; J. Gigi 
756;Kalsium hidroksida pasta;Pack; J. Gigi 
757;Kertas artikulasi (articulating paper);Pcs; J. Gigi 
758;Klorfenol kamfer mentol (CHKM);Btl; J. Gigi 
759;Klorheksidin 2%;Btl; J. Gigi 
760;Komposit resin (solare x);Tube; J. Gigi 
761;Lentulo merk VDW Germany (ANTAEOS);Pcs; J. Gigi 
762;Lidokain gel 2 %;Btl; J. Gigi 
763;Lidokain Spray (xylocain);Btl; J. Gigi 
764;Mata bor hand place (FG diamond);Set; J. Gigi 
765;Mata bor mikromotor (RA);Pack; J. Gigi 
766;Mata bor tulang / Oral surgery (meisenger);Pcs; J. Gigi 
767;Mata bor white stone;Set; J. Gigi 
768;Needle olyco / Jarum carpule;Pcs; J. Gigi 
769;Needle Septoject;Pcs; J. Gigi 
770;Oil spray;Btl; J. Gigi 
771;Paper points;Ktk; J. Gigi 
772;Penghisap ludah (tips suetion);Pcs; J. Gigi 
773;Semen seng fosfat;Ktk; J. Gigi 
774;Silver amalgam (serbuk + cair);Sak; J. Gigi 
775;Silver amalgram (cair);Btl; J. Gigi 
776;Siver amalgam (serbuk);Btl; J. Gigi 
777;Solare X A2;Bh; J. Gigi 
778;Solare X A3;Bh; J. Gigi 
779;Spon Hemostatis;Pcs; J. Gigi 
780;TKF (tri kesol formalin);Btl; J. Gigi 
781;Activtor;Kit; K. Reagen 
782;Ammonium Test;Kit; K. Reagen 
783;Arsenic Test;Kit; K. Reagen 
784;Biolarvasida;Kit; K. Reagen 
785;C.F.A.S Calibrator;Kit; K. Reagen 
786;C.F.A.S;Kit; K. Reagen 
787;Cadmium Test;Kit; K. Reagen 
788;Cellclean;Kit; K. Reagen 
789;Cellclean Auto;Kit; K. Reagen 
790;Cellpack;Kit; K. Reagen 
791;Cellpack DCL;Kit; K. Reagen 
792;Cellpack PK 30l;Kit; K. Reagen 
793;Chloride Test (1);Kit; K. Reagen 
794;Chloride Test (2);Kit; K. Reagen 
795;Cholesterol R1;Kit; K. Reagen 
796;Cleaner;Kit; K. Reagen 
797;Cobas ALB2 (Albumin Gen 2);Kit; K. Reagen 
798;Cobas ALTL;Kit; K. Reagen 
799;Cobas BiLD 2 (Bilirubin Gen 2);Kit; K. Reagen 
800;Cobas BiLT 3 (Bilirubin Gen 3);Kit; K. Reagen 
801;Cobas CHoL 2 (Cholesterol Gen 2);Kit; K. Reagen 
802;Cobas CREP 2 (Creatin Plus);Kit; K. Reagen 
803;Cobas HDLC 4 (Cholesterol Gen 4);Kit; K. Reagen 
804;Cobas Precicontrol (Clinchem Multi 1);Kit; K. Reagen 
805;Cobas Precicontrol (Clinchem Multi 2);Kit; K. Reagen 
806;Cobas UA2 (Urie Acid);Kit; K. Reagen 
807;Cobas UREAL (Urea);Kit; K. Reagen 
808;COD Cell Test;Kit; K. Reagen 
809;Copper Test;Kit; K. Reagen 
810;Creatinne Jaffe;Kit; K. Reagen 
811;Cyanide Test;Kit; K. Reagen 
812;Eightcheck (L, N, H);Kit; K. Reagen 
813;Flurocell WDF;Kit; K. Reagen 
814;GOT (ASAT);Kit; K. Reagen 
815;GPT (ALAT);Kit; K. Reagen 
816;HDL- E;Kit; K. Reagen 
817;Isobutyl Methyl Keton;Kit; K. Reagen 
818;LDL Cholesterol Gen 3;Kit; K. Reagen 
819;LDL Cholesterol Gen 4;Kit; K. Reagen 
820;Lead Test;Kit; K. Reagen 
821;Liq. Urinalysis Lv. 1;Kit; K. Reagen 
822;Liq. Urinalysis Lv. 2;Kit; K. Reagen 
823;Lysercell WDF;Kit; K. Reagen 
824;Mangenese Test;Kit; K. Reagen 
825;Nitrate Test;Kit; K. Reagen 
826;Nitrite Test;Kit; K. Reagen 
827;Pewarna Gram;Kit; K. Reagen 
828;Precicontrol Clichem Multi 1;Kit; K. Reagen 
829;Salmonela Typi H;Kit; K. Reagen 
830;Salmonela Typi O;Kit; K. Reagen 
831;SCS-1000 Calibrator;Kit; K. Reagen 
832;Stromatolyzer WH;Kit; K. Reagen 
833;Sulfate Test;Kit; K. Reagen 
834;Sulfolyser (SLS210A);Kit; K. Reagen 
835;Surfactan (Anion) Cell Test;Kit; K. Reagen 
836;TOC Cell Test;Kit; K. Reagen 
837;Triglycerides;Kit; K. Reagen 
838;Tetrachloroethyelene 2,5 Liter;Kit; K. Reagen 
839;Unical - M;Kit; K. Reagen 
840;Unical - M Calibrator;Kit; K. Reagen 
841;Unitrol I;Kit; K. Reagen 
842;Unitrol II;Kit; K. Reagen 
843;Urea UV;Kit; K. Reagen 
844;Urea UV (5+1);Kit; K. Reagen 
845;Uric Acid;Kit; K. Reagen 
846;XN CAL;Kit; K. Reagen 
847;XNL Check (L1. L2, L3);Kit; K. Reagen 
848;Zinc Granule;Kit; K. Reagen 
849;Zinc Test;Kit; K. Reagen 
